NaN,Inf,NaN,NaN,522.39,3231.9,NaN,NaN,NaN,NaN,NaN,NaN,NaN,NaN,NaN,NaN,NaN,NaN,NaN,NaN,NaN,NaN,NaN,NaN,NaN,NaN,NaN,NaN,NaN,NaN,NaN,NaN,NaN,574.08,NaN,NaN,Inf,Inf,NaN,NaN,NaN,NaN,NaN,NaN,NaN,NaN,NaN,NaN,NaN,NaN,NaN,NaN,NaN,NaN,NaN,NaN,NaN,NaN,NaN,NaN,NaN,NaN,NaN,NaN,NaN,Inf,NaN,NaN,3015.6,8.1383e+05,NaN,NaN,NaN,NaN,NaN,NaN,NaN,NaN,NaN,NaN,NaN,NaN,NaN,NaN,NaN,NaN,NaN,NaN,NaN,NaN,NaN,NaN,NaN,NaN,NaN,NaN,NaN,1239.9,NaN,NaN,Inf,Inf,NaN,NaN,NaN,NaN,NaN,NaN,NaN,NaN,NaN,NaN,NaN,NaN,NaN,NaN,NaN,NaN,NaN,NaN,NaN,NaN,NaN,NaN,NaN,NaN,NaN,NaN,NaN,4.2858,NaN,NaN,3.1674,5.2644,NaN,NaN,NaN,NaN,NaN,NaN,NaN,NaN,NaN,NaN,NaN,NaN,NaN,NaN,NaN,NaN,NaN,NaN,NaN,NaN,NaN,NaN,NaN,NaN,NaN,NaN,NaN,Inf,NaN,NaN,Inf,71.744,NaN,NaN,NaN,NaN,NaN,NaN,NaN,NaN,NaN,NaN,NaN,NaN,NaN,NaN,NaN,NaN,NaN,NaN,NaN,NaN,NaN,NaN,NaN,NaN,NaN,NaN
2.0364,NaN,Inf,NaN,0.21476,12.788,Inf,NaN,NaN,NaN,NaN,NaN,NaN,NaN,NaN,NaN,NaN,NaN,NaN,NaN,NaN,NaN,NaN,NaN,NaN,NaN,NaN,NaN,NaN,NaN,NaN,NaN,Inf,NaN,32.881,NaN,Inf,Inf,161.67,NaN,NaN,NaN,NaN,NaN,NaN,NaN,NaN,NaN,NaN,NaN,NaN,NaN,NaN,NaN,NaN,NaN,NaN,NaN,NaN,NaN,NaN,NaN,NaN,NaN,16.438,NaN,Inf,NaN,1.5074,125.25,Inf,NaN,NaN,NaN,NaN,NaN,NaN,NaN,NaN,NaN,NaN,NaN,NaN,NaN,NaN,NaN,NaN,NaN,NaN,NaN,NaN,NaN,NaN,NaN,NaN,NaN,Inf,NaN,37.321,NaN,Inf,Inf,Inf,NaN,NaN,NaN,NaN,NaN,NaN,NaN,NaN,NaN,NaN,NaN,NaN,NaN,NaN,NaN,NaN,NaN,NaN,NaN,NaN,NaN,NaN,NaN,NaN,NaN,Inf,NaN,2.5576,NaN,Inf,2.9695,5.2012,NaN,NaN,NaN,NaN,NaN,NaN,NaN,NaN,NaN,NaN,NaN,NaN,NaN,NaN,NaN,NaN,NaN,NaN,NaN,NaN,NaN,NaN,NaN,NaN,NaN,0.20099,NaN,2.5381,NaN,0.081573,0.60145,2.9473,NaN,NaN,NaN,NaN,NaN,NaN,NaN,NaN,NaN,NaN,NaN,NaN,NaN,NaN,NaN,NaN,NaN,NaN,NaN,NaN,NaN,NaN,NaN,NaN,NaN
NaN,0.063976,NaN,Inf,NaN,0.084415,1.5412,3.4636,NaN,NaN,NaN,NaN,NaN,NaN,NaN,NaN,NaN,NaN,NaN,NaN,NaN,NaN,NaN,NaN,NaN,NaN,NaN,NaN,NaN,NaN,NaN,NaN,NaN,Inf,NaN,9.7575,NaN,Inf,Inf,Inf,NaN,NaN,NaN,NaN,NaN,NaN,NaN,NaN,NaN,NaN,NaN,NaN,NaN,NaN,NaN,NaN,NaN,NaN,NaN,NaN,NaN,NaN,NaN,NaN,NaN,0.92086,NaN,12.892,NaN,1.1263,Inf,Inf,NaN,NaN,NaN,NaN,NaN,NaN,NaN,NaN,NaN,NaN,NaN,NaN,NaN,NaN,NaN,NaN,NaN,NaN,NaN,NaN,NaN,NaN,NaN,NaN,NaN,Inf,NaN,9.2655,NaN,Inf,Inf,Inf,NaN,NaN,NaN,NaN,NaN,NaN,NaN,NaN,NaN,NaN,NaN,NaN,NaN,NaN,NaN,NaN,NaN,NaN,NaN,NaN,NaN,NaN,NaN,NaN,NaN,Inf,NaN,2.3465,NaN,Inf,Inf,1.9995,NaN,NaN,NaN,NaN,NaN,NaN,NaN,NaN,NaN,NaN,NaN,NaN,NaN,NaN,NaN,NaN,NaN,NaN,NaN,NaN,NaN,NaN,NaN,NaN,NaN,Inf,NaN,0.77675,NaN,Inf,0.27443,0.51778,NaN,NaN,NaN,NaN,NaN,NaN,NaN,NaN,NaN,NaN,NaN,NaN,NaN,NaN,NaN,NaN,NaN,NaN,NaN,NaN,NaN,NaN,NaN,NaN
NaN,NaN,0.46946,NaN,NaN,NaN,0.54463,0.5805,0.49426,NaN,NaN,NaN,NaN,NaN,NaN,NaN,NaN,NaN,NaN,NaN,NaN,NaN,NaN,NaN,NaN,NaN,NaN,NaN,NaN,NaN,NaN,NaN,NaN,NaN,Inf,NaN,NaN,NaN,Inf,Inf,Inf,NaN,NaN,NaN,NaN,NaN,NaN,NaN,NaN,NaN,NaN,NaN,NaN,NaN,NaN,NaN,NaN,NaN,NaN,NaN,NaN,NaN,NaN,NaN,NaN,NaN,Inf,NaN,NaN,NaN,Inf,Inf,Inf,NaN,NaN,NaN,NaN,NaN,NaN,NaN,NaN,NaN,NaN,NaN,NaN,NaN,NaN,NaN,NaN,NaN,NaN,NaN,NaN,NaN,NaN,NaN,NaN,NaN,Inf,NaN,NaN,NaN,Inf,Inf,Inf,NaN,NaN,NaN,NaN,NaN,NaN,NaN,NaN,NaN,NaN,NaN,NaN,NaN,NaN,NaN,NaN,NaN,NaN,NaN,NaN,NaN,NaN,NaN,NaN,NaN,Inf,NaN,NaN,NaN,Inf,Inf,Inf,NaN,NaN,NaN,NaN,NaN,NaN,NaN,NaN,NaN,NaN,NaN,NaN,NaN,NaN,NaN,NaN,NaN,NaN,NaN,NaN,NaN,NaN,NaN,NaN,NaN,Inf,NaN,NaN,NaN,Inf,Inf,Inf,NaN,NaN,NaN,NaN,NaN,NaN,NaN,NaN,NaN,NaN,NaN,NaN,NaN,NaN,NaN,NaN,NaN,NaN,NaN,NaN,NaN,NaN,NaN
Inf,Inf,NaN,NaN,NaN,Inf,NaN,NaN,NaN,NaN,11.326,27.896,NaN,NaN,NaN,NaN,NaN,NaN,NaN,NaN,NaN,NaN,NaN,NaN,NaN,NaN,NaN,NaN,NaN,NaN,NaN,NaN,0.7858,0.62698,NaN,NaN,NaN,19.156,NaN,NaN,NaN,NaN,Inf,Inf,NaN,NaN,NaN,NaN,NaN,NaN,NaN,NaN,NaN,NaN,NaN,NaN,NaN,NaN,NaN,NaN,NaN,NaN,NaN,NaN,Inf,Inf,NaN,NaN,NaN,Inf,NaN,NaN,NaN,NaN,63.541,164,NaN,NaN,NaN,NaN,NaN,NaN,NaN,NaN,NaN,NaN,NaN,NaN,NaN,NaN,NaN,NaN,NaN,NaN,NaN,NaN,2.0461,1.4712,NaN,NaN,NaN,74.019,NaN,NaN,NaN,NaN,Inf,Inf,NaN,NaN,NaN,NaN,NaN,NaN,NaN,NaN,NaN,NaN,NaN,NaN,NaN,NaN,NaN,NaN,NaN,NaN,NaN,NaN,Inf,0.15188,NaN,NaN,NaN,0.95228,NaN,NaN,NaN,NaN,0.63687,1.252,NaN,NaN,NaN,NaN,NaN,NaN,NaN,NaN,NaN,NaN,NaN,NaN,NaN,NaN,NaN,NaN,NaN,NaN,NaN,NaN,0.11214,Inf,NaN,NaN,NaN,0.61338,NaN,NaN,NaN,NaN,10.586,1.9449,NaN,NaN,NaN,NaN,NaN,NaN,NaN,NaN,NaN,NaN,NaN,NaN,NaN,NaN,NaN,NaN,NaN,NaN,NaN,NaN
Inf,Inf,Inf,NaN,0.0062334,NaN,Inf,NaN,NaN,NaN,1.4404,3.7887,14.537,NaN,NaN,NaN,NaN,NaN,NaN,NaN,NaN,NaN,NaN,NaN,NaN,NaN,NaN,NaN,NaN,NaN,NaN,NaN,0.0047068,0.023982,8.8163,NaN,Inf,NaN,22.12,NaN,NaN,NaN,Inf,Inf,Inf,NaN,NaN,NaN,NaN,NaN,NaN,NaN,NaN,NaN,NaN,NaN,NaN,NaN,NaN,NaN,NaN,NaN,NaN,NaN,Inf,Inf,Inf,NaN,0.023915,NaN,Inf,NaN,NaN,NaN,7.4422,20.392,Inf,NaN,NaN,NaN,NaN,NaN,NaN,NaN,NaN,NaN,NaN,NaN,NaN,NaN,NaN,NaN,NaN,NaN,NaN,NaN,0.0066544,0.047656,11.171,NaN,Inf,NaN,Inf,NaN,NaN,NaN,Inf,Inf,Inf,NaN,NaN,NaN,NaN,NaN,NaN,NaN,NaN,NaN,NaN,NaN,NaN,NaN,NaN,NaN,NaN,NaN,NaN,NaN,Inf,Inf,1.1041,NaN,Inf,NaN,1.5524,NaN,NaN,NaN,0.2385,0.41541,1.2726,NaN,NaN,NaN,NaN,NaN,NaN,NaN,NaN,NaN,NaN,NaN,NaN,NaN,NaN,NaN,NaN,NaN,NaN,NaN,Inf,Inf,3.0229,NaN,Inf,NaN,1.8349,NaN,NaN,NaN,Inf,2.4442,2.2524,NaN,NaN,NaN,NaN,NaN,NaN,NaN,NaN,NaN,NaN,NaN,NaN,NaN,NaN,NaN,NaN,NaN,NaN,NaN
NaN,0.037987,Inf,Inf,NaN,0.046126,NaN,1.6695,NaN,NaN,NaN,0.080652,0.11594,0.14615,NaN,NaN,NaN,NaN,NaN,NaN,NaN,NaN,NaN,NaN,NaN,NaN,NaN,NaN,NaN,NaN,NaN,NaN,NaN,Inf,0.18818,1.591,NaN,Inf,NaN,Inf,NaN,NaN,NaN,Inf,Inf,Inf,NaN,NaN,NaN,NaN,NaN,NaN,NaN,NaN,NaN,NaN,NaN,NaN,NaN,NaN,NaN,NaN,NaN,NaN,NaN,0.14833,2.6889,3.9117,NaN,0.24306,NaN,Inf,NaN,NaN,NaN,0.44146,1.5403,Inf,NaN,NaN,NaN,NaN,NaN,NaN,NaN,NaN,NaN,NaN,NaN,NaN,NaN,NaN,NaN,NaN,NaN,NaN,NaN,0.052104,0.11057,1.125,NaN,0.20488,NaN,Inf,NaN,NaN,NaN,Inf,Inf,Inf,NaN,NaN,NaN,NaN,NaN,NaN,NaN,NaN,NaN,NaN,NaN,NaN,NaN,NaN,NaN,NaN,NaN,NaN,NaN,Inf,0.35643,0.67288,NaN,Inf,NaN,0.27549,NaN,NaN,NaN,Inf,0.46263,0.20101,NaN,NaN,NaN,NaN,NaN,NaN,NaN,NaN,NaN,NaN,NaN,NaN,NaN,NaN,NaN,NaN,NaN,NaN,NaN,Inf,Inf,0.57055,NaN,Inf,NaN,0.26182,NaN,NaN,NaN,Inf,Inf,0.54876,NaN,NaN,NaN,NaN,NaN,NaN,NaN,NaN,NaN,NaN,NaN,NaN,NaN,NaN,NaN,NaN,NaN,NaN
NaN,NaN,Inf,Inf,NaN,NaN,Inf,NaN,Inf,NaN,NaN,NaN,0.5295,0.48978,0.53896,NaN,NaN,NaN,NaN,NaN,NaN,NaN,NaN,NaN,NaN,NaN,NaN,NaN,NaN,NaN,NaN,NaN,NaN,NaN,0.96427,1.0806,NaN,NaN,20.984,NaN,Inf,NaN,NaN,NaN,Inf,Inf,Inf,NaN,NaN,NaN,NaN,NaN,NaN,NaN,NaN,NaN,NaN,NaN,NaN,NaN,NaN,NaN,NaN,NaN,NaN,NaN,0.2511,0.43554,NaN,NaN,0.20122,NaN,0.15373,NaN,NaN,NaN,0.25237,0.21888,0.17645,NaN,NaN,NaN,NaN,NaN,NaN,NaN,NaN,NaN,NaN,NaN,NaN,NaN,NaN,NaN,NaN,NaN,NaN,NaN,0.56933,0.76445,NaN,NaN,16.258,NaN,Inf,NaN,NaN,NaN,Inf,Inf,Inf,NaN,NaN,NaN,NaN,NaN,NaN,NaN,NaN,NaN,NaN,NaN,NaN,NaN,NaN,NaN,NaN,NaN,NaN,NaN,Inf,1.1854,NaN,NaN,Inf,NaN,Inf,NaN,NaN,NaN,Inf,Inf,Inf,NaN,NaN,NaN,NaN,NaN,NaN,NaN,NaN,NaN,NaN,NaN,NaN,NaN,NaN,NaN,NaN,NaN,NaN,NaN,Inf,0.8943,NaN,NaN,Inf,NaN,Inf,NaN,NaN,NaN,Inf,Inf,Inf,NaN,NaN,NaN,NaN,NaN,NaN,NaN,NaN,NaN,NaN,NaN,NaN,NaN,NaN,NaN,NaN,NaN
NaN,NaN,NaN,Inf,NaN,NaN,NaN,2.1688,NaN,0.059274,NaN,NaN,NaN,0.31938,0.091827,0.083661,NaN,NaN,NaN,NaN,NaN,NaN,NaN,NaN,NaN,NaN,NaN,NaN,NaN,NaN,NaN,NaN,NaN,NaN,NaN,1.7624,NaN,NaN,NaN,1.1769,NaN,Inf,NaN,NaN,NaN,Inf,Inf,Inf,NaN,NaN,NaN,NaN,NaN,NaN,NaN,NaN,NaN,NaN,NaN,NaN,NaN,NaN,NaN,NaN,NaN,NaN,NaN,4.232,NaN,NaN,NaN,Inf,NaN,0.35661,NaN,NaN,NaN,1.3354,1.0124,0.34833,NaN,NaN,NaN,NaN,NaN,NaN,NaN,NaN,NaN,NaN,NaN,NaN,NaN,NaN,NaN,NaN,NaN,NaN,NaN,1.4036,NaN,NaN,NaN,1.1252,NaN,Inf,NaN,NaN,NaN,Inf,Inf,Inf,NaN,NaN,NaN,NaN,NaN,NaN,NaN,NaN,NaN,NaN,NaN,NaN,NaN,NaN,NaN,NaN,NaN,NaN,NaN,1.2762,NaN,NaN,NaN,0.65466,NaN,Inf,NaN,NaN,NaN,0.39538,Inf,Inf,NaN,NaN,NaN,NaN,NaN,NaN,NaN,NaN,NaN,NaN,NaN,NaN,NaN,NaN,NaN,NaN,NaN,NaN,NaN,0.85887,NaN,NaN,NaN,0.44221,NaN,Inf,NaN,NaN,NaN,0.33193,Inf,Inf,NaN,NaN,NaN,NaN,NaN,NaN,NaN,NaN,NaN,NaN,NaN,NaN,NaN,NaN,NaN,NaN
NaN,NaN,NaN,NaN,NaN,NaN,NaN,NaN,Inf,NaN,NaN,NaN,NaN,NaN,3.7413,1.9527,NaN,NaN,NaN,NaN,NaN,NaN,NaN,NaN,NaN,NaN,NaN,NaN,NaN,NaN,NaN,NaN,NaN,NaN,NaN,NaN,NaN,NaN,NaN,NaN,3.3061,NaN,NaN,NaN,NaN,NaN,Inf,Inf,NaN,NaN,NaN,NaN,NaN,NaN,NaN,NaN,NaN,NaN,NaN,NaN,NaN,NaN,NaN,NaN,NaN,NaN,NaN,NaN,NaN,NaN,NaN,NaN,Inf,NaN,NaN,NaN,NaN,NaN,Inf,4.2169,NaN,NaN,NaN,NaN,NaN,NaN,NaN,NaN,NaN,NaN,NaN,NaN,NaN,NaN,NaN,NaN,NaN,NaN,NaN,NaN,NaN,NaN,NaN,NaN,14.423,NaN,NaN,NaN,NaN,NaN,Inf,Inf,NaN,NaN,NaN,NaN,NaN,NaN,NaN,NaN,NaN,NaN,NaN,NaN,NaN,NaN,NaN,NaN,NaN,NaN,NaN,NaN,NaN,NaN,NaN,NaN,0.60534,NaN,NaN,NaN,NaN,NaN,0.39084,0.2276,NaN,NaN,NaN,NaN,NaN,NaN,NaN,NaN,NaN,NaN,NaN,NaN,NaN,NaN,NaN,NaN,NaN,NaN,NaN,NaN,NaN,NaN,NaN,NaN,1.201,NaN,NaN,NaN,NaN,NaN,Inf,Inf,NaN,NaN,NaN,NaN,NaN,NaN,NaN,NaN,NaN,NaN,NaN,NaN,NaN,NaN,NaN,NaN
NaN,NaN,NaN,NaN,Inf,Inf,NaN,NaN,NaN,NaN,NaN,59.734,NaN,NaN,NaN,NaN,1.5545,6.3142,NaN,NaN,NaN,NaN,NaN,NaN,NaN,NaN,NaN,NaN,NaN,NaN,NaN,NaN,NaN,NaN,NaN,NaN,0.039543,2.6619,NaN,NaN,NaN,NaN,NaN,31.081,NaN,NaN,NaN,NaN,Inf,Inf,NaN,NaN,NaN,NaN,NaN,NaN,NaN,NaN,NaN,NaN,NaN,NaN,NaN,NaN,NaN,NaN,NaN,NaN,Inf,Inf,NaN,NaN,NaN,NaN,NaN,692.66,NaN,NaN,NaN,NaN,7.4607,33.654,NaN,NaN,NaN,NaN,NaN,NaN,NaN,NaN,NaN,NaN,NaN,NaN,NaN,NaN,NaN,NaN,NaN,NaN,0.11897,8.4506,NaN,NaN,NaN,NaN,NaN,Inf,NaN,NaN,NaN,NaN,Inf,Inf,NaN,NaN,NaN,NaN,NaN,NaN,NaN,NaN,NaN,NaN,NaN,NaN,NaN,NaN,NaN,NaN,NaN,NaN,Inf,Inf,NaN,NaN,NaN,NaN,NaN,1.9043,NaN,NaN,NaN,NaN,0.20507,0.80379,NaN,NaN,NaN,NaN,NaN,NaN,NaN,NaN,NaN,NaN,NaN,NaN,NaN,NaN,NaN,NaN,NaN,NaN,Inf,0.4009,NaN,NaN,NaN,NaN,NaN,0.52309,NaN,NaN,NaN,NaN,Inf,0.5987,NaN,NaN,NaN,NaN,NaN,NaN,NaN,NaN,NaN,NaN,NaN,NaN,NaN,NaN
NaN,NaN,NaN,NaN,Inf,Inf,Inf,NaN,NaN,NaN,Inf,NaN,7.1945,NaN,NaN,NaN,0.26386,0.61826,5.6306,NaN,NaN,NaN,NaN,NaN,NaN,NaN,NaN,NaN,NaN,NaN,NaN,NaN,NaN,NaN,NaN,NaN,0.036044,0.045664,4.3365,NaN,NaN,NaN,Inf,NaN,Inf,NaN,NaN,NaN,Inf,Inf,Inf,NaN,NaN,NaN,NaN,NaN,NaN,NaN,NaN,NaN,NaN,NaN,NaN,NaN,NaN,NaN,NaN,NaN,Inf,Inf,Inf,NaN,NaN,NaN,Inf,NaN,Inf,NaN,NaN,NaN,1.18,3.1348,15.445,NaN,NaN,NaN,NaN,NaN,NaN,NaN,NaN,NaN,NaN,NaN,NaN,NaN,NaN,NaN,NaN,NaN,0.085286,0.11897,48.896,NaN,NaN,NaN,0.0013361,NaN,Inf,NaN,NaN,NaN,Inf,Inf,85.623,NaN,NaN,NaN,NaN,NaN,NaN,NaN,NaN,NaN,NaN,NaN,NaN,NaN,NaN,NaN,NaN,NaN,Inf,Inf,1.6105,NaN,NaN,NaN,Inf,NaN,0.83817,NaN,NaN,NaN,0.077454,0.13865,1.1005,NaN,NaN,NaN,NaN,NaN,NaN,NaN,NaN,NaN,NaN,NaN,NaN,NaN,NaN,NaN,NaN,NaN,Inf,Inf,0.77595,NaN,NaN,NaN,Inf,NaN,0.65432,NaN,NaN,NaN,Inf,Inf,0.76662,NaN,NaN,NaN,NaN,NaN,NaN,NaN,NaN,NaN,NaN,NaN,NaN,NaN
NaN,NaN,NaN,NaN,NaN,Inf,Inf,Inf,NaN,NaN,NaN,Inf,NaN,Inf,NaN,NaN,NaN,Inf,0.20745,0.48561,NaN,NaN,NaN,NaN,NaN,NaN,NaN,NaN,NaN,NaN,NaN,NaN,NaN,NaN,NaN,NaN,NaN,0.080017,0.24118,0.92442,NaN,NaN,NaN,0.054162,NaN,Inf,NaN,NaN,NaN,Inf,Inf,Inf,NaN,NaN,NaN,NaN,NaN,NaN,NaN,NaN,NaN,NaN,NaN,NaN,NaN,NaN,NaN,NaN,NaN,3.5285,Inf,Inf,NaN,NaN,NaN,0.10723,NaN,Inf,NaN,NaN,NaN,0.026033,0.22898,0.679,NaN,NaN,NaN,NaN,NaN,NaN,NaN,NaN,NaN,NaN,NaN,NaN,NaN,NaN,NaN,NaN,NaN,0.11099,0.74453,2.9545,NaN,NaN,NaN,0.031024,NaN,Inf,NaN,NaN,NaN,0.01987,0.20932,4.5948,NaN,NaN,NaN,NaN,NaN,NaN,NaN,NaN,NaN,NaN,NaN,NaN,NaN,NaN,NaN,NaN,NaN,Inf,Inf,0.92577,NaN,NaN,NaN,Inf,NaN,0.46885,NaN,NaN,NaN,Inf,0.24838,0.35243,NaN,NaN,NaN,NaN,NaN,NaN,NaN,NaN,NaN,NaN,NaN,NaN,NaN,NaN,NaN,NaN,NaN,Inf,0.21665,0.37154,NaN,NaN,NaN,Inf,NaN,0.15527,NaN,NaN,NaN,Inf,0.10055,0.14654,NaN,NaN,NaN,NaN,NaN,NaN,NaN,NaN,NaN,NaN,NaN,NaN
NaN,NaN,NaN,NaN,NaN,NaN,Inf,Inf,Inf,NaN,NaN,NaN,11.11,NaN,Inf,NaN,NaN,NaN,5.3078,4.1066,14.797,NaN,NaN,NaN,NaN,NaN,NaN,NaN,NaN,NaN,NaN,NaN,NaN,NaN,NaN,NaN,NaN,NaN,2.0763,2.1999,3.153,NaN,NaN,NaN,8.3849,NaN,Inf,NaN,NaN,NaN,Inf,Inf,Inf,NaN,NaN,NaN,NaN,NaN,NaN,NaN,NaN,NaN,NaN,NaN,NaN,NaN,NaN,NaN,NaN,NaN,17.519,Inf,Inf,NaN,NaN,NaN,9.1884,NaN,Inf,NaN,NaN,NaN,5.2287,4.6911,6.9209,NaN,NaN,NaN,NaN,NaN,NaN,NaN,NaN,NaN,NaN,NaN,NaN,NaN,NaN,NaN,NaN,NaN,0.57643,0.60816,0.38229,NaN,NaN,NaN,0.48588,NaN,0.33661,NaN,NaN,NaN,0.54263,0.4973,0.33219,NaN,NaN,NaN,NaN,NaN,NaN,NaN,NaN,NaN,NaN,NaN,NaN,NaN,NaN,NaN,NaN,NaN,Inf,4.4219,Inf,NaN,NaN,NaN,Inf,NaN,Inf,NaN,NaN,NaN,Inf,60.95,Inf,NaN,NaN,NaN,NaN,NaN,NaN,NaN,NaN,NaN,NaN,NaN,NaN,NaN,NaN,NaN,NaN,NaN,Inf,2.4314,Inf,NaN,NaN,NaN,Inf,NaN,Inf,NaN,NaN,NaN,Inf,Inf,Inf,NaN,NaN,NaN,NaN,NaN,NaN,NaN,NaN,NaN,NaN,NaN
NaN,NaN,NaN,NaN,NaN,NaN,NaN,Inf,Inf,Inf,NaN,NaN,NaN,5.6638,NaN,Inf,NaN,NaN,NaN,2.1512,0.0579,0.055419,NaN,NaN,NaN,NaN,NaN,NaN,NaN,NaN,NaN,NaN,NaN,NaN,NaN,NaN,NaN,NaN,NaN,2.1634,0.62215,0.042931,NaN,NaN,NaN,2.4457,NaN,0.066974,NaN,NaN,NaN,Inf,Inf,Inf,NaN,NaN,NaN,NaN,NaN,NaN,NaN,NaN,NaN,NaN,NaN,NaN,NaN,NaN,NaN,NaN,NaN,Inf,Inf,0.62874,NaN,NaN,NaN,7.9484,NaN,0.019049,NaN,NaN,NaN,2.6604,0.061845,0.051279,NaN,NaN,NaN,NaN,NaN,NaN,NaN,NaN,NaN,NaN,NaN,NaN,NaN,NaN,NaN,NaN,NaN,3.6284,2.3138,0.11482,NaN,NaN,NaN,Inf,NaN,0.020015,NaN,NaN,NaN,1.8237,Inf,0.077721,NaN,NaN,NaN,NaN,NaN,NaN,NaN,NaN,NaN,NaN,NaN,NaN,NaN,NaN,NaN,NaN,NaN,1.9862,1.201,Inf,NaN,NaN,NaN,1.177,NaN,Inf,NaN,NaN,NaN,1.076,Inf,Inf,NaN,NaN,NaN,NaN,NaN,NaN,NaN,NaN,NaN,NaN,NaN,NaN,NaN,NaN,NaN,NaN,NaN,0.83267,0.30903,0.099716,NaN,NaN,NaN,0.50152,NaN,Inf,NaN,NaN,NaN,0.50653,Inf,Inf,NaN,NaN,NaN,NaN,NaN,NaN,NaN,NaN,NaN,NaN
NaN,NaN,NaN,NaN,NaN,NaN,NaN,NaN,Inf,Inf,NaN,NaN,NaN,NaN,3.7508,NaN,NaN,NaN,NaN,NaN,0.06606,0.037798,NaN,NaN,NaN,NaN,NaN,NaN,NaN,NaN,NaN,NaN,NaN,NaN,NaN,NaN,NaN,NaN,NaN,NaN,2.6524,1.2389,NaN,NaN,NaN,NaN,Inf,NaN,NaN,NaN,NaN,NaN,Inf,Inf,NaN,NaN,NaN,NaN,NaN,NaN,NaN,NaN,NaN,NaN,NaN,NaN,NaN,NaN,NaN,NaN,NaN,NaN,Inf,Inf,NaN,NaN,NaN,NaN,Inf,NaN,NaN,NaN,NaN,NaN,0.1328,0.082285,NaN,NaN,NaN,NaN,NaN,NaN,NaN,NaN,NaN,NaN,NaN,NaN,NaN,NaN,NaN,NaN,NaN,NaN,14.893,16.025,NaN,NaN,NaN,NaN,Inf,NaN,NaN,NaN,NaN,NaN,Inf,0.19088,NaN,NaN,NaN,NaN,NaN,NaN,NaN,NaN,NaN,NaN,NaN,NaN,NaN,NaN,NaN,NaN,NaN,NaN,1.7112,Inf,NaN,NaN,NaN,NaN,0.4467,NaN,NaN,NaN,NaN,NaN,0.10488,Inf,NaN,NaN,NaN,NaN,NaN,NaN,NaN,NaN,NaN,NaN,NaN,NaN,NaN,NaN,NaN,NaN,NaN,NaN,0.62934,0.22292,NaN,NaN,NaN,NaN,0.26513,NaN,NaN,NaN,NaN,NaN,Inf,Inf,NaN,NaN,NaN,NaN,NaN,NaN,NaN,NaN,NaN,NaN
NaN,NaN,NaN,NaN,NaN,NaN,NaN,NaN,NaN,NaN,Inf,Inf,NaN,NaN,NaN,NaN,NaN,30.282,NaN,NaN,NaN,NaN,3.1732,2.7915,NaN,NaN,NaN,NaN,NaN,NaN,NaN,NaN,NaN,NaN,NaN,NaN,NaN,NaN,NaN,NaN,NaN,NaN,0.2499,7.5109,NaN,NaN,NaN,NaN,NaN,Inf,NaN,NaN,NaN,NaN,Inf,Inf,NaN,NaN,NaN,NaN,NaN,NaN,NaN,NaN,NaN,NaN,NaN,NaN,NaN,NaN,NaN,NaN,NaN,NaN,Inf,Inf,NaN,NaN,NaN,NaN,NaN,243.87,NaN,NaN,NaN,NaN,14.736,10.342,NaN,NaN,NaN,NaN,NaN,NaN,NaN,NaN,NaN,NaN,NaN,NaN,NaN,NaN,NaN,NaN,NaN,NaN,0.96122,37.116,NaN,NaN,NaN,NaN,NaN,Inf,NaN,NaN,NaN,NaN,Inf,Inf,NaN,NaN,NaN,NaN,NaN,NaN,NaN,NaN,NaN,NaN,NaN,NaN,NaN,NaN,NaN,NaN,NaN,NaN,Inf,Inf,NaN,NaN,NaN,NaN,NaN,4.5955,NaN,NaN,NaN,NaN,0.62967,0.58259,NaN,NaN,NaN,NaN,NaN,NaN,NaN,NaN,NaN,NaN,NaN,NaN,NaN,NaN,NaN,NaN,NaN,NaN,0.11703,0.69512,NaN,NaN,NaN,NaN,NaN,0.57311,NaN,NaN,NaN,NaN,0.18641,0.24167,NaN,NaN,NaN,NaN,NaN,NaN,NaN,NaN
NaN,NaN,NaN,NaN,NaN,NaN,NaN,NaN,NaN,NaN,Inf,Inf,63.279,NaN,NaN,NaN,Inf,NaN,10.78,NaN,NaN,NaN,0.0012486,0.067194,0.1581,NaN,NaN,NaN,NaN,NaN,NaN,NaN,NaN,NaN,NaN,NaN,NaN,NaN,NaN,NaN,NaN,NaN,0.049177,0.11444,5.5212,NaN,NaN,NaN,0.0058567,NaN,20.453,NaN,NaN,NaN,Inf,Inf,Inf,NaN,NaN,NaN,NaN,NaN,NaN,NaN,NaN,NaN,NaN,NaN,NaN,NaN,NaN,NaN,NaN,NaN,Inf,Inf,Inf,NaN,NaN,NaN,Inf,NaN,20.991,NaN,NaN,NaN,0.0013491,0.1684,0.55655,NaN,NaN,NaN,NaN,NaN,NaN,NaN,NaN,NaN,NaN,NaN,NaN,NaN,NaN,NaN,NaN,NaN,0.17362,0.49835,Inf,NaN,NaN,NaN,0.012116,NaN,22.509,NaN,NaN,NaN,Inf,Inf,Inf,NaN,NaN,NaN,NaN,NaN,NaN,NaN,NaN,NaN,NaN,NaN,NaN,NaN,NaN,NaN,NaN,NaN,Inf,Inf,1.7986,NaN,NaN,NaN,Inf,NaN,2.2737,NaN,NaN,NaN,Inf,0.023998,0.050475,NaN,NaN,NaN,NaN,NaN,NaN,NaN,NaN,NaN,NaN,NaN,NaN,NaN,NaN,NaN,NaN,NaN,Inf,0.10547,0.56277,NaN,NaN,NaN,Inf,NaN,0.69047,NaN,NaN,NaN,Inf,Inf,Inf,NaN,NaN,NaN,NaN,NaN,NaN,NaN
NaN,NaN,NaN,NaN,NaN,NaN,NaN,NaN,NaN,NaN,NaN,Inf,Inf,Inf,NaN,NaN,NaN,NaN,NaN,0.58334,NaN,NaN,NaN,NaN,NaN,NaN,NaN,NaN,NaN,NaN,NaN,NaN,NaN,NaN,NaN,NaN,NaN,NaN,NaN,NaN,NaN,NaN,NaN,0.036735,0.024148,0.85553,NaN,NaN,NaN,NaN,NaN,Inf,NaN,NaN,NaN,NaN,NaN,NaN,NaN,NaN,NaN,NaN,NaN,NaN,NaN,NaN,NaN,NaN,NaN,NaN,NaN,NaN,NaN,NaN,NaN,Inf,Inf,Inf,NaN,NaN,NaN,NaN,NaN,Inf,NaN,NaN,NaN,NaN,NaN,NaN,NaN,NaN,NaN,NaN,NaN,NaN,NaN,NaN,NaN,NaN,NaN,NaN,NaN,NaN,NaN,NaN,NaN,Inf,Inf,Inf,NaN,NaN,NaN,NaN,NaN,Inf,NaN,NaN,NaN,NaN,NaN,NaN,NaN,NaN,NaN,NaN,NaN,NaN,NaN,NaN,NaN,NaN,NaN,NaN,NaN,NaN,NaN,NaN,NaN,Inf,Inf,0.27162,NaN,NaN,NaN,NaN,NaN,0.13454,NaN,NaN,NaN,NaN,NaN,NaN,NaN,NaN,NaN,NaN,NaN,NaN,NaN,NaN,NaN,NaN,NaN,NaN,NaN,NaN,NaN,NaN,NaN,Inf,Inf,0.080869,NaN,NaN,NaN,NaN,NaN,0.061252,NaN,NaN,NaN,NaN,NaN,NaN,NaN,NaN,NaN,NaN,NaN,NaN
NaN,NaN,NaN,NaN,NaN,NaN,NaN,NaN,NaN,NaN,NaN,NaN,Inf,Inf,Inf,NaN,NaN,NaN,Inf,NaN,Inf,NaN,NaN,NaN,Inf,Inf,Inf,NaN,NaN,NaN,NaN,NaN,NaN,NaN,NaN,NaN,NaN,NaN,NaN,NaN,NaN,NaN,NaN,NaN,0.55188,0.51366,0.38703,NaN,NaN,NaN,0.50333,NaN,0.27445,NaN,NaN,NaN,0.29919,0.2485,0.22081,NaN,NaN,NaN,NaN,NaN,NaN,NaN,NaN,NaN,NaN,NaN,NaN,NaN,NaN,NaN,NaN,NaN,Inf,Inf,Inf,NaN,NaN,NaN,54.561,NaN,Inf,NaN,NaN,NaN,Inf,Inf,Inf,NaN,NaN,NaN,NaN,NaN,NaN,NaN,NaN,NaN,NaN,NaN,NaN,NaN,NaN,NaN,NaN,NaN,Inf,Inf,Inf,NaN,NaN,NaN,7.6219,NaN,Inf,NaN,NaN,NaN,Inf,Inf,Inf,NaN,NaN,NaN,NaN,NaN,NaN,NaN,NaN,NaN,NaN,NaN,NaN,NaN,NaN,NaN,NaN,NaN,Inf,Inf,Inf,NaN,NaN,NaN,Inf,NaN,Inf,NaN,NaN,NaN,Inf,Inf,Inf,NaN,NaN,NaN,NaN,NaN,NaN,NaN,NaN,NaN,NaN,NaN,NaN,NaN,NaN,NaN,NaN,NaN,Inf,8.4309,Inf,NaN,NaN,NaN,Inf,NaN,Inf,NaN,NaN,NaN,Inf,Inf,Inf,NaN,NaN,NaN,NaN,NaN
NaN,NaN,NaN,NaN,NaN,NaN,NaN,NaN,NaN,NaN,NaN,NaN,NaN,Inf,Inf,Inf,NaN,NaN,NaN,40.835,NaN,Inf,NaN,NaN,NaN,0.40057,1.1307,0.19142,NaN,NaN,NaN,NaN,NaN,NaN,NaN,NaN,NaN,NaN,NaN,NaN,NaN,NaN,NaN,NaN,NaN,14.038,4.6866,1.205,NaN,NaN,NaN,Inf,NaN,0.034292,NaN,NaN,NaN,Inf,Inf,Inf,NaN,NaN,NaN,NaN,NaN,NaN,NaN,NaN,NaN,NaN,NaN,NaN,NaN,NaN,NaN,NaN,NaN,Inf,Inf,Inf,NaN,NaN,NaN,57.093,NaN,Inf,NaN,NaN,NaN,0.46261,1.347,0.18319,NaN,NaN,NaN,NaN,NaN,NaN,NaN,NaN,NaN,NaN,NaN,NaN,NaN,NaN,NaN,NaN,NaN,Inf,76.782,5.8611,NaN,NaN,NaN,19.451,NaN,0.033562,NaN,NaN,NaN,0.12859,0.33215,0.027258,NaN,NaN,NaN,NaN,NaN,NaN,NaN,NaN,NaN,NaN,NaN,NaN,NaN,NaN,NaN,NaN,NaN,8.4734,4.1592,Inf,NaN,NaN,NaN,7.5292,NaN,Inf,NaN,NaN,NaN,0.13827,Inf,Inf,NaN,NaN,NaN,NaN,NaN,NaN,NaN,NaN,NaN,NaN,NaN,NaN,NaN,NaN,NaN,NaN,NaN,1.7154,0.67167,0.33621,NaN,NaN,NaN,1.6197,NaN,Inf,NaN,NaN,NaN,Inf,0.13845,Inf,NaN,NaN,NaN,NaN
NaN,NaN,NaN,NaN,NaN,NaN,NaN,NaN,NaN,NaN,NaN,NaN,NaN,NaN,Inf,Inf,NaN,NaN,NaN,NaN,7.1204,NaN,NaN,NaN,NaN,NaN,8.3182,3.314,NaN,NaN,NaN,NaN,NaN,NaN,NaN,NaN,NaN,NaN,NaN,NaN,NaN,NaN,NaN,NaN,NaN,NaN,24.974,9.0519,NaN,NaN,NaN,NaN,Inf,NaN,NaN,NaN,NaN,NaN,Inf,Inf,NaN,NaN,NaN,NaN,NaN,NaN,NaN,NaN,NaN,NaN,NaN,NaN,NaN,NaN,NaN,NaN,NaN,NaN,Inf,Inf,NaN,NaN,NaN,NaN,11.325,NaN,NaN,NaN,NaN,NaN,11.269,4.5674,NaN,NaN,NaN,NaN,NaN,NaN,NaN,NaN,NaN,NaN,NaN,NaN,NaN,NaN,NaN,NaN,NaN,NaN,Inf,Inf,NaN,NaN,NaN,NaN,Inf,NaN,NaN,NaN,NaN,NaN,6.9587,4.5221,NaN,NaN,NaN,NaN,NaN,NaN,NaN,NaN,NaN,NaN,NaN,NaN,NaN,NaN,NaN,NaN,NaN,NaN,7.4528,6.5839,NaN,NaN,NaN,NaN,0.86722,NaN,NaN,NaN,NaN,NaN,3.5347,Inf,NaN,NaN,NaN,NaN,NaN,NaN,NaN,NaN,NaN,NaN,NaN,NaN,NaN,NaN,NaN,NaN,NaN,NaN,1.4166,0.83909,NaN,NaN,NaN,NaN,0.34783,NaN,NaN,NaN,NaN,NaN,0.51071,0.24662,NaN,NaN,NaN,NaN
NaN,NaN,NaN,NaN,NaN,NaN,NaN,NaN,NaN,NaN,NaN,NaN,NaN,NaN,NaN,NaN,Inf,Inf,NaN,NaN,NaN,NaN,NaN,0.23021,NaN,NaN,NaN,NaN,0.19963,NaN,NaN,NaN,NaN,NaN,NaN,NaN,NaN,NaN,NaN,NaN,NaN,NaN,NaN,NaN,NaN,NaN,NaN,NaN,0.021445,3.7049,NaN,NaN,NaN,NaN,NaN,Inf,NaN,NaN,NaN,NaN,Inf,NaN,NaN,NaN,NaN,NaN,NaN,NaN,NaN,NaN,NaN,NaN,NaN,NaN,NaN,NaN,NaN,NaN,NaN,NaN,Inf,Inf,NaN,NaN,NaN,NaN,NaN,0.68922,NaN,NaN,NaN,NaN,0.96482,NaN,NaN,NaN,NaN,NaN,NaN,NaN,NaN,NaN,NaN,NaN,NaN,NaN,NaN,NaN,NaN,NaN,NaN,NaN,0.099647,29.525,NaN,NaN,NaN,NaN,NaN,Inf,NaN,NaN,NaN,NaN,Inf,NaN,NaN,NaN,NaN,NaN,NaN,NaN,NaN,NaN,NaN,NaN,NaN,NaN,NaN,NaN,NaN,NaN,NaN,NaN,Inf,6.1584,NaN,NaN,NaN,NaN,NaN,0.05452,NaN,NaN,NaN,NaN,0.058455,NaN,NaN,NaN,NaN,NaN,NaN,NaN,NaN,NaN,NaN,NaN,NaN,NaN,NaN,NaN,NaN,NaN,NaN,NaN,Inf,0.28858,NaN,NaN,NaN,NaN,NaN,0.062869,NaN,NaN,NaN,NaN,0.055466,NaN,NaN,NaN
NaN,NaN,NaN,NaN,NaN,NaN,NaN,NaN,NaN,NaN,NaN,NaN,NaN,NaN,NaN,NaN,Inf,Inf,44.187,NaN,NaN,NaN,Inf,NaN,4.4909,NaN,NaN,NaN,0.007205,0.002438,NaN,NaN,NaN,NaN,NaN,NaN,NaN,NaN,NaN,NaN,NaN,NaN,NaN,NaN,NaN,NaN,NaN,NaN,0.037455,1.5475,22.31,NaN,NaN,NaN,0.015393,NaN,Inf,NaN,NaN,NaN,Inf,Inf,NaN,NaN,NaN,NaN,NaN,NaN,NaN,NaN,NaN,NaN,NaN,NaN,NaN,NaN,NaN,NaN,NaN,NaN,Inf,Inf,79.949,NaN,NaN,NaN,Inf,NaN,29.923,NaN,NaN,NaN,Inf,Inf,NaN,NaN,NaN,NaN,NaN,NaN,NaN,NaN,NaN,NaN,NaN,NaN,NaN,NaN,NaN,NaN,NaN,NaN,0.20728,11.886,58.624,NaN,NaN,NaN,0.11118,NaN,Inf,NaN,NaN,NaN,Inf,Inf,NaN,NaN,NaN,NaN,NaN,NaN,NaN,NaN,NaN,NaN,NaN,NaN,NaN,NaN,NaN,NaN,NaN,NaN,Inf,Inf,8.5338,NaN,NaN,NaN,Inf,NaN,1.3206,NaN,NaN,NaN,Inf,Inf,NaN,NaN,NaN,NaN,NaN,NaN,NaN,NaN,NaN,NaN,NaN,NaN,NaN,NaN,NaN,NaN,NaN,NaN,Inf,0.25247,1.2457,NaN,NaN,NaN,Inf,NaN,0.20381,NaN,NaN,NaN,0.0024608,Inf,NaN,NaN
NaN,NaN,NaN,NaN,NaN,NaN,NaN,NaN,NaN,NaN,NaN,NaN,NaN,NaN,NaN,NaN,NaN,Inf,22.926,24.512,NaN,NaN,NaN,Inf,NaN,NaN,NaN,NaN,Inf,Inf,NaN,NaN,NaN,NaN,NaN,NaN,NaN,NaN,NaN,NaN,NaN,NaN,NaN,NaN,NaN,NaN,NaN,NaN,NaN,0.12073,3.5774,Inf,NaN,NaN,NaN,0.072401,NaN,NaN,NaN,NaN,0.041588,0.0092127,NaN,NaN,NaN,NaN,NaN,NaN,NaN,NaN,NaN,NaN,NaN,NaN,NaN,NaN,NaN,NaN,NaN,NaN,NaN,Inf,32.569,55.122,NaN,NaN,NaN,Inf,NaN,NaN,NaN,NaN,Inf,Inf,NaN,NaN,NaN,NaN,NaN,NaN,NaN,NaN,NaN,NaN,NaN,NaN,NaN,NaN,NaN,NaN,NaN,NaN,NaN,0.81505,14.796,201.03,NaN,NaN,NaN,0.44245,NaN,NaN,NaN,NaN,0.35555,Inf,NaN,NaN,NaN,NaN,NaN,NaN,NaN,NaN,NaN,NaN,NaN,NaN,NaN,NaN,NaN,NaN,NaN,NaN,NaN,Inf,4.0494,4.4303,NaN,NaN,NaN,Inf,NaN,NaN,NaN,NaN,Inf,Inf,NaN,NaN,NaN,NaN,NaN,NaN,NaN,NaN,NaN,NaN,NaN,NaN,NaN,NaN,NaN,NaN,NaN,NaN,NaN,0.33725,0.76481,0.87304,NaN,NaN,NaN,Inf,NaN,NaN,NaN,NaN,Inf,Inf,NaN,NaN
NaN,NaN,NaN,NaN,NaN,NaN,NaN,NaN,NaN,NaN,NaN,NaN,NaN,NaN,NaN,NaN,NaN,NaN,113.37,118.17,Inf,NaN,NaN,NaN,52.023,NaN,Inf,NaN,NaN,Inf,Inf,Inf,NaN,NaN,NaN,NaN,NaN,NaN,NaN,NaN,NaN,NaN,NaN,NaN,NaN,NaN,NaN,NaN,NaN,NaN,15.291,Inf,0.68955,NaN,NaN,NaN,4.2977,NaN,Inf,NaN,NaN,0.333,0.25874,Inf,NaN,NaN,NaN,NaN,NaN,NaN,NaN,NaN,NaN,NaN,NaN,NaN,NaN,NaN,NaN,NaN,NaN,NaN,133.29,199.18,Inf,NaN,NaN,NaN,27.636,NaN,Inf,NaN,NaN,5.4228,Inf,Inf,NaN,NaN,NaN,NaN,NaN,NaN,NaN,NaN,NaN,NaN,NaN,NaN,NaN,NaN,NaN,NaN,NaN,NaN,45.275,104.38,Inf,NaN,NaN,NaN,6.0684,NaN,Inf,NaN,NaN,0.79702,2.0876,Inf,NaN,NaN,NaN,NaN,NaN,NaN,NaN,NaN,NaN,NaN,NaN,NaN,NaN,NaN,NaN,NaN,NaN,NaN,15.826,17.297,Inf,NaN,NaN,NaN,3.4796,NaN,Inf,NaN,NaN,1.6801,Inf,Inf,NaN,NaN,NaN,NaN,NaN,NaN,NaN,NaN,NaN,NaN,NaN,NaN,NaN,NaN,NaN,NaN,NaN,NaN,1.8617,2.0951,0.12336,NaN,NaN,NaN,0.44673,NaN,0.26877,NaN,NaN,0.13818,0.057118,0.065176
NaN,NaN,NaN,NaN,NaN,NaN,NaN,NaN,NaN,NaN,NaN,NaN,NaN,NaN,NaN,NaN,NaN,NaN,NaN,33.103,Inf,Inf,NaN,NaN,NaN,1.4434,NaN,Inf,NaN,NaN,0.94271,0.30242,NaN,NaN,NaN,NaN,NaN,NaN,NaN,NaN,NaN,NaN,NaN,NaN,NaN,NaN,NaN,NaN,NaN,NaN,NaN,Inf,0.094779,0.054488,NaN,NaN,NaN,0.57563,NaN,0.027405,NaN,NaN,0.17534,0.019715,NaN,NaN,NaN,NaN,NaN,NaN,NaN,NaN,NaN,NaN,NaN,NaN,NaN,NaN,NaN,NaN,NaN,NaN,NaN,49.419,Inf,Inf,NaN,NaN,NaN,1.584,NaN,Inf,NaN,NaN,0.82332,0.20942,NaN,NaN,NaN,NaN,NaN,NaN,NaN,NaN,NaN,NaN,NaN,NaN,NaN,NaN,NaN,NaN,NaN,NaN,NaN,22.247,Inf,Inf,NaN,NaN,NaN,0.57848,NaN,Inf,NaN,NaN,0.24702,0.060629,NaN,NaN,NaN,NaN,NaN,NaN,NaN,NaN,NaN,NaN,NaN,NaN,NaN,NaN,NaN,NaN,NaN,NaN,NaN,3.6488,0.076047,Inf,NaN,NaN,NaN,0.12048,NaN,Inf,NaN,NaN,0.086829,Inf,NaN,NaN,NaN,NaN,NaN,NaN,NaN,NaN,NaN,NaN,NaN,NaN,NaN,NaN,NaN,NaN,NaN,NaN,NaN,1.268,Inf,Inf,NaN,NaN,NaN,Inf,NaN,Inf,NaN,NaN,Inf,Inf
NaN,NaN,NaN,NaN,NaN,NaN,NaN,NaN,NaN,NaN,NaN,NaN,NaN,NaN,NaN,NaN,NaN,NaN,NaN,NaN,Inf,Inf,NaN,NaN,NaN,NaN,40.93,NaN,NaN,NaN,NaN,22.289,NaN,NaN,NaN,NaN,NaN,NaN,NaN,NaN,NaN,NaN,NaN,NaN,NaN,NaN,NaN,NaN,NaN,NaN,NaN,NaN,47.925,9.5883,NaN,NaN,NaN,NaN,Inf,NaN,NaN,NaN,NaN,Inf,NaN,NaN,NaN,NaN,NaN,NaN,NaN,NaN,NaN,NaN,NaN,NaN,NaN,NaN,NaN,NaN,NaN,NaN,NaN,NaN,Inf,Inf,NaN,NaN,NaN,NaN,53.625,NaN,NaN,NaN,NaN,26.88,NaN,NaN,NaN,NaN,NaN,NaN,NaN,NaN,NaN,NaN,NaN,NaN,NaN,NaN,NaN,NaN,NaN,NaN,NaN,NaN,Inf,Inf,NaN,NaN,NaN,NaN,21.677,NaN,NaN,NaN,NaN,10.101,NaN,NaN,NaN,NaN,NaN,NaN,NaN,NaN,NaN,NaN,NaN,NaN,NaN,NaN,NaN,NaN,NaN,NaN,NaN,NaN,0.84757,0.60121,NaN,NaN,NaN,NaN,0.77209,NaN,NaN,NaN,NaN,0.56878,NaN,NaN,NaN,NaN,NaN,NaN,NaN,NaN,NaN,NaN,NaN,NaN,NaN,NaN,NaN,NaN,NaN,NaN,NaN,NaN,12.621,Inf,NaN,NaN,NaN,NaN,2.8051,NaN,NaN,NaN,NaN,Inf
NaN,NaN,NaN,NaN,NaN,NaN,NaN,NaN,NaN,NaN,NaN,NaN,NaN,NaN,NaN,NaN,NaN,NaN,NaN,NaN,NaN,NaN,Inf,Inf,4.871,NaN,NaN,NaN,NaN,0.0017777,NaN,NaN,NaN,NaN,NaN,NaN,NaN,NaN,NaN,NaN,NaN,NaN,NaN,NaN,NaN,NaN,NaN,NaN,NaN,NaN,NaN,NaN,NaN,NaN,0.044825,0.029292,Inf,NaN,NaN,NaN,NaN,Inf,NaN,NaN,NaN,NaN,NaN,NaN,NaN,NaN,NaN,NaN,NaN,NaN,NaN,NaN,NaN,NaN,NaN,NaN,NaN,NaN,NaN,NaN,NaN,NaN,Inf,0.83669,16.755,NaN,NaN,NaN,NaN,Inf,NaN,NaN,NaN,NaN,NaN,NaN,NaN,NaN,NaN,NaN,NaN,NaN,NaN,NaN,NaN,NaN,NaN,NaN,NaN,NaN,NaN,NaN,NaN,NaN,0.22181,0.12151,Inf,NaN,NaN,NaN,NaN,Inf,NaN,NaN,NaN,NaN,NaN,NaN,NaN,NaN,NaN,NaN,NaN,NaN,NaN,NaN,NaN,NaN,NaN,NaN,NaN,NaN,NaN,NaN,NaN,NaN,Inf,0.17191,1.1313,NaN,NaN,NaN,NaN,Inf,NaN,NaN,NaN,NaN,NaN,NaN,NaN,NaN,NaN,NaN,NaN,NaN,NaN,NaN,NaN,NaN,NaN,NaN,NaN,NaN,NaN,NaN,NaN,NaN,Inf,Inf,0.20185,NaN,NaN,NaN,NaN,Inf,NaN,NaN
NaN,NaN,NaN,NaN,NaN,NaN,NaN,NaN,NaN,NaN,NaN,NaN,NaN,NaN,NaN,NaN,NaN,NaN,NaN,NaN,NaN,NaN,NaN,Inf,11.465,0.0015058,NaN,NaN,Inf,NaN,NaN,NaN,NaN,NaN,NaN,NaN,NaN,NaN,NaN,NaN,NaN,NaN,NaN,NaN,NaN,NaN,NaN,NaN,NaN,NaN,NaN,NaN,NaN,NaN,NaN,0.093721,Inf,Inf,NaN,NaN,0.089188,NaN,NaN,NaN,NaN,NaN,NaN,NaN,NaN,NaN,NaN,NaN,NaN,NaN,NaN,NaN,NaN,NaN,NaN,NaN,NaN,NaN,NaN,NaN,NaN,NaN,NaN,2.4183,17.167,Inf,NaN,NaN,2.0318,NaN,NaN,NaN,NaN,NaN,NaN,NaN,NaN,NaN,NaN,NaN,NaN,NaN,NaN,NaN,NaN,NaN,NaN,NaN,NaN,NaN,NaN,NaN,NaN,NaN,NaN,0.3121,6.8148,Inf,NaN,NaN,0.24634,NaN,NaN,NaN,NaN,NaN,NaN,NaN,NaN,NaN,NaN,NaN,NaN,NaN,NaN,NaN,NaN,NaN,NaN,NaN,NaN,NaN,NaN,NaN,NaN,NaN,NaN,0.4374,1.5055,Inf,NaN,NaN,0.34238,NaN,NaN,NaN,NaN,NaN,NaN,NaN,NaN,NaN,NaN,NaN,NaN,NaN,NaN,NaN,NaN,NaN,NaN,NaN,NaN,NaN,NaN,NaN,NaN,NaN,NaN,0.13841,0.26168,Inf,NaN,NaN,0.070088,NaN,NaN,NaN
NaN,NaN,NaN,NaN,NaN,NaN,NaN,NaN,NaN,NaN,NaN,NaN,NaN,NaN,NaN,NaN,NaN,NaN,NaN,NaN,NaN,NaN,NaN,NaN,17.477,0.5233,Inf,NaN,NaN,5.1571,NaN,Inf,NaN,NaN,NaN,NaN,NaN,NaN,NaN,NaN,NaN,NaN,NaN,NaN,NaN,NaN,NaN,NaN,NaN,NaN,NaN,NaN,NaN,NaN,NaN,NaN,3.9988,Inf,Inf,NaN,NaN,0.19899,NaN,Inf,NaN,NaN,NaN,NaN,NaN,NaN,NaN,NaN,NaN,NaN,NaN,NaN,NaN,NaN,NaN,NaN,NaN,NaN,NaN,NaN,NaN,NaN,NaN,NaN,15.357,1.1499,Inf,NaN,NaN,1.7465,NaN,Inf,NaN,NaN,NaN,NaN,NaN,NaN,NaN,NaN,NaN,NaN,NaN,NaN,NaN,NaN,NaN,NaN,NaN,NaN,NaN,NaN,NaN,NaN,NaN,NaN,4.2278,Inf,Inf,NaN,NaN,0.39275,NaN,Inf,NaN,NaN,NaN,NaN,NaN,NaN,NaN,NaN,NaN,NaN,NaN,NaN,NaN,NaN,NaN,NaN,NaN,NaN,NaN,NaN,NaN,NaN,NaN,NaN,1.232,0.041525,Inf,NaN,NaN,0.13931,NaN,Inf,NaN,NaN,NaN,NaN,NaN,NaN,NaN,NaN,NaN,NaN,NaN,NaN,NaN,NaN,NaN,NaN,NaN,NaN,NaN,NaN,NaN,NaN,NaN,NaN,0.37165,Inf,0.19136,NaN,NaN,0.12414,NaN,0.0091746
NaN,NaN,NaN,NaN,NaN,NaN,NaN,NaN,NaN,NaN,NaN,NaN,NaN,NaN,NaN,NaN,NaN,NaN,NaN,NaN,NaN,NaN,NaN,NaN,NaN,4.5298,Inf,Inf,NaN,NaN,3.9798,NaN,NaN,NaN,NaN,NaN,NaN,NaN,NaN,NaN,NaN,NaN,NaN,NaN,NaN,NaN,NaN,NaN,NaN,NaN,NaN,NaN,NaN,NaN,NaN,NaN,NaN,24.577,Inf,0.017473,NaN,NaN,1.4812,NaN,NaN,NaN,NaN,NaN,NaN,NaN,NaN,NaN,NaN,NaN,NaN,NaN,NaN,NaN,NaN,NaN,NaN,NaN,NaN,NaN,NaN,NaN,NaN,NaN,NaN,5.4309,Inf,Inf,NaN,NaN,3.706,NaN,NaN,NaN,NaN,NaN,NaN,NaN,NaN,NaN,NaN,NaN,NaN,NaN,NaN,NaN,NaN,NaN,NaN,NaN,NaN,NaN,NaN,NaN,NaN,NaN,NaN,2.1449,Inf,Inf,NaN,NaN,1.1331,NaN,NaN,NaN,NaN,NaN,NaN,NaN,NaN,NaN,NaN,NaN,NaN,NaN,NaN,NaN,NaN,NaN,NaN,NaN,NaN,NaN,NaN,NaN,NaN,NaN,NaN,0.20189,0.47098,Inf,NaN,NaN,0.14924,NaN,NaN,NaN,NaN,NaN,NaN,NaN,NaN,NaN,NaN,NaN,NaN,NaN,NaN,NaN,NaN,NaN,NaN,NaN,NaN,NaN,NaN,NaN,NaN,NaN,NaN,Inf,0.21064,0.01822,NaN,NaN,Inf,NaN
